Workbook

Sheet ข้อมูล_รายการ_ผู้ดูแล
A1: Unnamed: 0 | B1: รหัส | C1: รายการ | D1: ผู้ดูแล | E1: กำหนดให้เก็บ | F1: รายละเอียด | G1: ชุด | H1: เวลาเก็บ | I1: G/L | J1: U | K1: ราคากลาง | P1: เดือน | Q1: สัปดาห์ | U1: นับราคากลาง | X1: นับราคากลาง
A2: 111 | B2: 1111001 | C2: ข้าวสารเจ้า | D2: เบส | E2: 12 | F2: 2แหล่ง (1หอมมะลิแบบตัก/2หอมมะลิแบบถุง/1ขาวเสาไห้แบบตัก/2ขาวเสาไห้แบบถุง) | G2: ชุด อ. | H2: สัปดาห์ | I2: =IFERROR(VLOOKUP(VALUE(B2), 'คำนวณ '!A:U, 21, FALSE), "") -> 1 | J2: =IFERROR(VLOOKUP(VALUE(B2), 'คำนวณ '!A:V, 22, FALSE), "") -> 1 | N2: เบส | O2: =COUNTIFS($D$2:$D$708,N2) -> 31 | P2: =COUNTIFS($H$2:$H$708,$P$1,$D$2:$D$708,$N2) -> 27 | Q2: =COUNTIFS($H$2:$H$708,$Q$1,$D$2:$D$708,$N2) -> 4 | T2: เบส | U2: =COUNTIFS(D:D, T2, K:K, "ราคากลาง") -> 15 | W2: ชุด บ. | X2: =COUNTIFS(G:G,W2, K:K, "ราคากลาง") -> 65
A3: 111 | B3: 1111002 | C3: ข้าวสารเหนียว | D3: เบส | E3: 4 | F3: 2แหล่ง (1ข้าวเหนียวถัง/1ข้าวเหนียวถุง) | G3: ชุด อ. | H3: สัปดาห์ | I3: =IFERROR(VLOOKUP(VALUE(B3), 'คำนวณ '!A:U, 21, FALSE), "") -> 1 | J3: =IFERROR(VLOOKUP(VALUE(B3), 'คำนวณ '!A:V, 22, FALSE), "") -> 1 | N3: ลูกหมู | O3: =COUNTIFS($D$2:$D$708,N3) -> 23 | P3: =COUNTIFS($H$2:$H$708,$P$1,$D$2:$D$708,$N3) -> 15 | Q3: =COUNTIFS($H$2:$H$708,$Q$1,$D$2:$D$708,$N3) -> 8 | T3: ลูกหมู | U3: =COUNTIFS(D:D, T3, K:K, "ราคากลาง") -> 13 | W3: ชุด บ.1 | X3: =COUNTIFS(G:G,W3, K:K, "ราคากลาง") -> 18
A4: 111 | B4: 1112101 | C4: แป้งข้าวเจ้า | G4: ชุด บ. | I4: =IFERROR(VLOOKUP(VALUE(B4), 'คำนวณ '!A:U, 21, FALSE), "") | J4: =IFERROR(VLOOKUP(VALUE(B4), 'คำนวณ '!A:V, 22, FALSE), "") | N4: ชลัยพร | O4: =COUNTIFS($D$2:$D$708,N4) -> 28 | P4: =COUNTIFS($H$2:$H$708,$P$1,$D$2:$D$708,$N4) -> 8 | Q4: =COUNTIFS($H$2:$H$708,$Q$1,$D$2:$D$708,$N4) -> 20 | T4: ชลัยพร | U4: =COUNTIFS(D:D, T4, K:K, "ราคากลาง") -> 1 | W4: ชุด น. | X4: =COUNTIFS(G:G,W4, K:K, "ราคากลาง") -> 0
A5: 111 | B5: 1112102 | C5: แป้งมันสำปะหลัง | G5: ชุด บ. | I5: =IFERROR(VLOOKUP(VALUE(B5), 'คำนวณ '!A:U, 21, FALSE), "") | J5: =IFERROR(VLOOKUP(VALUE(B5), 'คำนวณ '!A:V, 22, FALSE), "") | N5: พีท | O5: =COUNTIFS($D$2:$D$708,N5) -> 21 | P5: =COUNTIFS($H$2:$H$708,$P$1,$D$2:$D$708,$N5) -> 21 | Q5: =COUNTIFS($H$2:$H$708,$Q$1,$D$2:$D$708,$N5) -> 0 | T5: พีท | U5: =COUNTIFS(D:D, T5, K:K, "ราคากลาง") -> 7 | W5: ชุด อ. | X5: =COUNTIFS(G:G,W5, K:K, "ราคากลาง") -> 0
A6: 111 | B6: 1112103 | C6: แป้งสาลี | G6: ชุด บ. | I6: =IFERROR(VLOOKUP(VALUE(B6), 'คำนวณ '!A:U, 21, FALSE), "") | J6: =IFERROR(VLOOKUP(VALUE(B6), 'คำนวณ '!A:V, 22, FALSE), "") | N6: ปอ | O6: =COUNTIFS($D$2:$D$708,N6) -> 20 | P6: =COUNTIFS($H$2:$H$708,$P$1,$D$2:$D$708,$N6) -> 6 | Q6: =COUNTIFS($H$2:$H$708,$Q$1,$D$2:$D$708,$N6) -> 14 | T6: ปอ | U6: =COUNTIFS(D:D, T6, K:K, "ราคากลาง") -> 4 | X6: =SUM(X2:X5) -> 83
A7: 111 | B7: 1112104 | C7: แป้งทอดกรอบ | D7: เบส | E7: 4 | F7: 2แหล่ง 2สเปค | G7: ชุด บ. | H7: เดือน | I7: =IFERROR(VLOOKUP(VALUE(B7), 'คำนวณ '!A:U, 21, FALSE), "") -> 1 | J7: =IFERROR(VLOOKUP(VALUE(B7), 'คำนวณ '!A:V, 22, FALSE), "") -> 1 | K7: ราคากลาง | N7: ตุ๊กตา | O7: =COUNTIFS($D$2:$D$708,N7) -> 26 | P7: =COUNTIFS($H$2:$H$708,$P$1,$D$2:$D$708,$N7) -> 14 | Q7: =COUNTIFS($H$2:$H$708,$Q$1,$D$2:$D$708,$N7) -> 12 | T7: ตุ๊กตา | U7: =COUNTIFS(D:D, T7, K:K, "ราคากลาง") -> 2
A8: 111 | B8: 1112201 | C8: เส้นก๋วยเตี๋ยวสด | G8: ชุด อ. | I8: =IFERROR(VLOOKUP(VALUE(B8), 'คำนวณ '!A:U, 21, FALSE), "") | J8: =IFERROR(VLOOKUP(VALUE(B8), 'คำนวณ '!A:V, 22, FALSE), "") | N8: จารุณี | O8: =COUNTIFS($D$2:$D$708,N8) -> 37 | P8: =COUNTIFS($H$2:$H$708,$P$1,$D$2:$D$708,$N8) -> 8 | Q8: =COUNTIFS($H$2:$H$708,$Q$1,$D$2:$D$708,$N8) -> 29 | T8: จารุณี | U8: =COUNTIFS(D:D, T8, K:K, "ราคากลาง") -> 1
A9: 111 | B9: 1112202 | C9: วุ้นเส้น | D9: เบส | E9: 8 | F9: 2แหล่ง (2ขนาดเล็ก/2ขนาดใหญ่) | G9: ชุด อ. | H9: สัปดาห์ | I9: =IFERROR(VLOOKUP(VALUE(B9), 'คำนวณ '!A:U, 21, FALSE), "") -> 1 | J9: =IFERROR(VLOOKUP(VALUE(B9), 'คำนวณ '!A:V, 22, FALSE), "") -> 1 | N9: เป๋าฮื้อ | O9: =COUNTIFS($D$2:$D$708,N9) -> 16 | P9: =COUNTIFS($H$2:$H$708,$P$1,$D$2:$D$708,$N9) -> 16 | Q9: =COUNTIFS($H$2:$H$708,$Q$1,$D$2:$D$708,$N9) -> 0 | T9: เป๋าฮื้อ | U9: =COUNTIFS(D:D, T9, K:K, "ราคากลาง") -> 6
A10: 111 | B10: 1112203 | C10: เต้าหู้ | D10: เบส | E10: 6 | F10: 2แหล่ง (2เต้าหู้หลอด/1เต้าหู้แผ่นแข็ง) | G10: ชุด อ. | H10: สัปดาห์ | I10: =IFERROR(VLOOKUP(VALUE(B10), 'คำนวณ '!A:U, 21, FALSE), "") -> 1 | J10: =IFERROR(VLOOKUP(VALUE(B10), 'คำนวณ '!A:V, 22, FALSE), "") -> 1 | N10: นุ่น | O10: =COUNTIFS($D$2:$D$708,N10) -> 20 | P10: =COUNTIFS($H$2:$H$708,$P$1,$D$2:$D$708,$N10) -> 20 | Q10: =COUNTIFS($H$2:$H$708,$Q$1,$D$2:$D$708,$N10) -> 0 | T10: นุ่น | U10: =COUNTIFS(D:D, T10, K:K, "ราคากลาง") -> 2
A11: 111 | B11: 1112204 | C11: ขนมจีน | G11: ชุด อ. | I11: =IFERROR(VLOOKUP(VALUE(B11), 'คำนวณ '!A:U, 21, FALSE), "") | J11: =IFERROR(VLOOKUP(VALUE(B11), 'คำนวณ '!A:V, 22, FALSE), "") | N11: มารียา | O11: =COUNTIFS($D$2:$D$708,N11) -> 16 | P11: =COUNTIFS($H$2:$H$708,$P$1,$D$2:$D$708,$N11) -> 16 | Q11: =COUNTIFS($H$2:$H$708,$Q$1,$D$2:$D$708,$N11) -> 0 | T11: มารียา | U11: =COUNTIFS(D:D, T11, K:K, "ราคากลาง") -> 2
A12: 111 | B12: 1112205 | C12: ขนมปังปอนด์ | D12: C | E12: 4 | F12: 2แหล่ง 2สเปค | G12: ชุด บ. | H12: เดือน | I12: =IFERROR(VLOOKUP(VALUE(B12), 'คำนวณ '!A:U, 21, FALSE), "") -> 1 | J12: =IFERROR(VLOOKUP(VALUE(B12), 'คำนวณ '!A:V, 22, FALSE), "") -> 1 | K12: ราคากลาง | N12: เอิร์น | O12: =COUNTIFS($D$2:$D$708,N12) -> 26 | P12: =COUNTIFS($H$2:$H$708,$P$1,$D$2:$D$708,$N12) -> 26 | Q12: =COUNTIFS($H$2:$H$708,$Q$1,$D$2:$D$708,$N12) -> 0 | T12: เอิร์น | U12: =COUNTIFS(D:D, T12, K:K, "ราคากลาง") -> 2
A13: 111 | B13: 1112206 | C13: ขนมขบเคี้ยว | G13: ชุด บ. | I13: =IFERROR(VLOOKUP(VALUE(B13), 'คำนวณ '!A:U, 21, FALSE), "") | J13: =IFERROR(VLOOKUP(VALUE(B13), 'คำนวณ '!A:V, 22, FALSE), "") | N13: ฝ้าย | O13: =COUNTIFS($D$2:$D$708,N13) -> 10 | P13: =COUNTIFS($H$2:$H$708,$P$1,$D$2:$D$708,$N13) -> 10 | Q13: =COUNTIFS($H$2:$H$708,$Q$1,$D$2:$D$708,$N13) -> 0 | T13: ฝ้าย | U13: =COUNTIFS(D:D, T13, K:K, "ราคากลาง") -> 0
A14: 111 | B14: 1112207 | C14: อาหารธัญพืช | D14: C | E14: 4 | F14: 2แหล่ง 2สเปค | G14: ชุด บ. | H14: เดือน | I14: =IFERROR(VLOOKUP(VALUE(B14), 'คำนวณ '!A:U, 21, FALSE), "") -> 1 | J14: =IFERROR(VLOOKUP(VALUE(B14), 'คำนวณ '!A:V, 22, FALSE), "") -> 1 | K14: ราคากลาง | N14: นันทวัน | O14: =COUNTIFS($D$2:$D$708,N14) -> 40 | P14: =COUNTIFS($H$2:$H$708,$P$1,$D$2:$D$708,$N14) -> 40 | Q14: =COUNTIFS($H$2:$H$708,$Q$1,$D$2:$D$708,$N14) -> 0 | T14: นันทวัน | U14: =COUNTIFS(D:D, T14, K:K, "ราคากลาง") -> 4
A15: 111 | B15: 1112208 | C15: มักกะโรนี | G15: ชุด บ. | I15: =IFERROR(VLOOKUP(VALUE(B15), 'คำนวณ '!A:U, 21, FALSE), "") | J15: =IFERROR(VLOOKUP(VALUE(B15), 'คำนวณ '!A:V, 22, FALSE), "") | N15: เฟิน | O15: =COUNTIFS($D$2:$D$708,N15) -> 17 | P15: =COUNTIFS($H$2:$H$708,$P$1,$D$2:$D$708,$N15) -> 17 | Q15: =COUNTIFS($H$2:$H$708,$Q$1,$D$2:$D$708,$N15) -> 0 | T15: เฟิน | U15: =COUNTIFS(D:D, T15, K:K, "ราคากลาง") -> 8
A16: 111 | B16: 1112209 | C16: เส้นหมี่ | G16: ชุด อ. | I16: =IFERROR(VLOOKUP(VALUE(B16), 'คำนวณ '!A:U, 21, FALSE), "") | J16: =IFERROR(VLOOKUP(VALUE(B16), 'คำนวณ '!A:V, 22, FALSE), "") | N16: ก้อง | O16: =COUNTIFS($D$2:$D$708,N16) -> 19 | P16: =COUNTIFS($H$2:$H$708,$P$1,$D$2:$D$708,$N16) -> 19 | Q16: =COUNTIFS($H$2:$H$708,$Q$1,$D$2:$D$708,$N16) -> 0 | T16: ก้อง | U16: =COUNTIFS(D:D, T16, K:K, "ราคากลาง") -> 7
A17: 111 | B17: 1112210 | C17: ขนมอบ | D17: C | E17: 6 | F17: 2แหล่ง (1เค้ก/2ขนมขบเคี้ยว) | G17: ชุด บ. | H17: เดือน | I17: =IFERROR(VLOOKUP(VALUE(B17), 'คำนวณ '!A:U, 21, FALSE), "") -> 1 | J17: =IFERROR(VLOOKUP(VALUE(B17), 'คำนวณ '!A:V, 22, FALSE), "") -> 1 | K17: ราคากลาง | N17: ต้า | O17: =COUNTIFS($D$2:$D$708,N17) -> 29 | P17: =COUNTIFS($H$2:$H$708,$P$1,$D$2:$D$708,$N17) -> 29 | Q17: =COUNTIFS($H$2:$H$708,$Q$1,$D$2:$D$708,$N17) -> 0 | T17: ต้า | U17: =COUNTIFS(D:D, T17, K:K, "ราคากลาง") -> 4
A18: 112 | B18: 1121101 | C18: เนื้อสุกร | D18: ป่าน | E18: 8 | F18: 2แหล่ง (1สันใน/1สันนอก/1สามชั้น/1ส่วนสะโพก) | G18: ชุด อ. | H18: สัปดาห์ | I18: =IFERROR(VLOOKUP(VALUE(B18), 'คำนวณ '!A:U, 21, FALSE), "") -> 1 | J18: =IFERROR(VLOOKUP(VALUE(B18), 'คำนวณ '!A:V, 22, FALSE), "") -> 1 | N18: ป่าน | O18: =COUNTIFS($D$2:$D$708,N18) -> 20 | P18: =COUNTIFS($H$2:$H$708,$P$1,$D$2:$D$708,$N18) -> 14 | Q18: =COUNTIFS($H$2:$H$708,$Q$1,$D$2:$D$708,$N18) -> 6 | T18: ป่าน | U18: =COUNTIFS(D:D, T18, K:K, "ราคากลาง") -> 0
A19: 112 | B19: 1121102 | C19: มันหมูแข็ง | G19: ชุด อ. | I19: =IFERROR(VLOOKUP(VALUE(B19), 'คำนวณ '!A:U, 21, FALSE), "") | J19: =IFERROR(VLOOKUP(VALUE(B19), 'คำนวณ '!A:V, 22, FALSE), "") | N19: วิรัตน์ | O19: =COUNTIFS($D$2:$D$708,N19) -> 34 | P19: =COUNTIFS($H$2:$H$708,$P$1,$D$2:$D$708,$N19) -> 33 | Q19: =COUNTIFS($H$2:$H$708,$Q$1,$D$2:$D$708,$N19) -> 1 | T19: วิรัตน์ | U19: =COUNTIFS(D:D, T19, K:K, "ราคากลาง") -> 0
A20: 112 | B20: 1121103 | C20: กระดูกซี่โครงหมู | D20: ป่าน | E20: 2 | F20: 2แหล่ง 1สเปค | G20: ชุด อ. | H20: สัปดาห์ | I20: =IFERROR(VLOOKUP(VALUE(B20), 'คำนวณ '!A:U, 21, FALSE), "") -> 1 | J20: =IFERROR(VLOOKUP(VALUE(B20), 'คำนวณ '!A:V, 22, FALSE), "") -> 1 | N20: พราว | O20: =COUNTIFS($D$2:$D$708,N20) -> 10 | P20: =COUNTIFS($H$2:$H$708,$P$1,$D$2:$D$708,$N20) -> 10 | Q20: =COUNTIFS($H$2:$H$708,$Q$1,$D$2:$D$708,$N20) -> 0 | T20: พราว | U20: =COUNTIFS(D:D, T20, K:K, "ราคากลาง") -> 0
A21: 112 | B21: 1121104 | C21: เนื้อโค | D21: ป่าน | E21: 4 | F21: 2แหล่ง 2สเปค | G21: ชุด อ. | H21: สัปดาห์ | I21: =IFERROR(VLOOKUP(VALUE(B21), 'คำนวณ '!A:U, 21, FALSE), "") -> 1 | J21: =IFERROR(VLOOKUP(VALUE(B21), 'คำนวณ '!A:V, 22, FALSE), "") -> 1 | N21: เนย | O21: =COUNTIFS($D$2:$D$708,N21) -> 8 | P21: =COUNTIFS($H$2:$H$708,$P$1,$D$2:$D$708,$N21) -> 8 | Q21: =COUNTIFS($H$2:$H$708,$Q$1,$D$2:$D$708,$N21) -> 0 | T21: เนย | U21: =COUNTIFS(D:D, T21, K:K, "ราคากลาง") -> 0
A22: 112 | B22: 1121105 | C22: เครื่องในหมู | D22: ป่าน | E22: 2 | F22: 2แหล่ง 1สเปค | G22: ชุด อ. | H22: สัปดาห์ | I22: =IFERROR(VLOOKUP(VALUE(B22), 'คำนวณ '!A:U, 21, FALSE), "") -> 1 | J22: =IFERROR(VLOOKUP(VALUE(B22), 'คำนวณ '!A:V, 22, FALSE), "") -> 1 | N22: แบม | O22: =COUNTIFS($D$2:$D$708,N22) -> 11 | P22: =COUNTIFS($H$2:$H$708,$P$1,$D$2:$D$708,$N22) -> 2 | Q22: =COUNTIFS($H$2:$H$708,$Q$1,$D$2:$D$708,$N22) -> 9 | T22: แบม | U22: =COUNTIFS(D:D, T22, K:K, "ราคากลาง") -> 2
A23: 112 | B23: 1121106 | C23: เครื่องในวัว | D23: ป่าน | E23: 2 | F23: 2แหล่ง 1สเปค | G23: ชุด อ. | H23: สัปดาห์ | I23: =IFERROR(VLOOKUP(VALUE(B23), 'คำนวณ '!A:U, 21, FALSE), "") -> 1 | J23: =IFERROR(VLOOKUP(VALUE(B23), 'คำนวณ '!A:V, 22, FALSE), "") -> 1 | N23: C | O23: =COUNTIFS($D$2:$D$708,N23) -> 14 | P23: =COUNTIFS($H$2:$H$708,$P$1,$D$2:$D$708,$N23) -> 4 | Q23: =COUNTIFS($H$2:$H$708,$Q$1,$D$2:$D$708,$N23) -> 10 | T23: C | U23: =COUNTIFS(D:D, T23, K:K, "ราคากลาง") -> 3
A24: 112 | B24: 1121107 | C24: เนื้อสุกรบด | D24: ป่าน | E24: 2 | F24: 2แหล่ง 1สเปค | G24: ชุด อ. | H24: สัปดาห์ | I24: =IFERROR(VLOOKUP(VALUE(B24), 'คำนวณ '!A:U, 21, FALSE), "") -> 1 | J24: =IFERROR(VLOOKUP(VALUE(B24), 'คำนวณ '!A:V, 22, FALSE), "") -> 1 | P24: =SUM(P2:P23) -> 363 | Q24: =SUM(Q2:Q23) -> 113 | U24: =SUM(U2:U23) -> 83
A25: 112 | B25: 1121201 | C25: หมูย่าง | G25: ชุด อ. | I25: =IFERROR(VLOOKUP(VALUE(B25), 'คำนวณ '!A:U, 21, FALSE), "") | J25: =IFERROR(VLOOKUP(VALUE(B25), 'คำนวณ '!A:V, 22, FALSE), "") | P25: =sum(P24:Q24) -> 476
A26: 112 | B26: 1121202 | C26: หมูกรอบ | G26: ชุด อ. | I26: =IFERROR(VLOOKUP(VALUE(B26), 'คำนวณ '!A:U, 21, FALSE), "") | J26: =IFERROR(VLOOKUP(VALUE(B26), 'คำนวณ '!A:V, 22, FALSE), "")
A27: 112 | B27: 1121203 | C27: หมูหยอง | D27: C | E27: 4 | F27: 2แหล่ง 2สเปค | G27: ชุด อ. | H27: สัปดาห์ | I27: =IFERROR(VLOOKUP(VALUE(B27), 'คำนวณ '!A:U, 21, FALSE), "") -> 1 | J27: =IFERROR(VLOOKUP(VALUE(B27), 'คำนวณ '!A:V, 22, FALSE), "")
A28: 112 | B28: 1121204 | C28: ไส้กรอก | D28: C | E28: 4 | F28: 2แหล่ง 2สเปค | G28: ชุด อ. | H28: สัปดาห์ | I28: =IFERROR(VLOOKUP(VALUE(B28), 'คำนวณ '!A:U, 21, FALSE), "") -> 1 | J28: =IFERROR(VLOOKUP(VALUE(B28), 'คำนวณ '!A:V, 22, FALSE), "") -> 1
A29: 112 | B29: 1121205 | C29: กุนเชียง | D29: C | E29: 4 | F29: 2แหล่ง 2สเปค | G29: ชุด อ. | H29: สัปดาห์ | I29: =IFERROR(VLOOKUP(VALUE(B29), 'คำนวณ '!A:U, 21, FALSE), "") -> 1 | J29: =IFERROR(VLOOKUP(VALUE(B29), 'คำนวณ '!A:V, 22, FALSE), "") -> 1
A30: 112 | B30: 1121206 | C30: เนื้อ/หมูเค็ม | G30: ชุด อ. | I30: =IFERROR(VLOOKUP(VALUE(B30), 'คำนวณ '!A:U, 21, FALSE), "") | J30: =IFERROR(VLOOKUP(VALUE(B30), 'คำนวณ '!A:V, 22, FALSE), "")
A31: 112 | B31: 1121207 | C31: ลูกชิ้นหมู\ไก่ | D31: C | E31: 4 | F31: 2แหล่ง 2สเปค | G31: ชุด อ. | H31: สัปดาห์ | I31: =IFERROR(VLOOKUP(VALUE(B31), 'คำนวณ '!A:U, 21, FALSE), "") -> 1 | J31: =IFERROR(VLOOKUP(VALUE(B31), 'คำนวณ '!A:V, 22, FALSE), "") -> 1
A32: 112 | B32: 1121208 | C32: แหนม | G32: ชุด อ. | I32: =IFERROR(VLOOKUP(VALUE(B32), 'คำนวณ '!A:U, 21, FALSE), "") | J32: =IFERROR(VLOOKUP(VALUE(B32), 'คำนวณ '!A:V, 22, FALSE), "")
A33: 112 | B33: 1121209 | C33: หมูยอ | D33: C | E33: 4 | F33: 2แหล่ง 2สเปค | G33: ชุด อ. | H33: สัปดาห์ | I33: =IFERROR(VLOOKUP(VALUE(B33), 'คำนวณ '!A:U, 21, FALSE), "") -> 1 | J33: =IFERROR(VLOOKUP(VALUE(B33), 'คำนวณ '!A:V, 22, FALSE), "") -> 1
A34: 112 | B34: 1121210 | C34: แคบหมู | D34: C | E34: 4 | F34: 2แหล่ง 2สเปค | G34: ชุด อ. | H34: สัปดาห์ | I34: =IFERROR(VLOOKUP(VALUE(B34), 'คำนวณ '!A:U, 21, FALSE), "") -> 1 | J34: =IFERROR(VLOOKUP(VALUE(B34), 'คำนวณ '!A:V, 22, FALSE), "") -> 1
A35: 112 | B35: 1121211 | C35: แฮม/เบคอน | D35: C | E35: 4 | F35: 2แหล่ง 2สเปค | G35: ชุด อ. | H35: สัปดาห์ | I35: =IFERROR(VLOOKUP(VALUE(B35), 'คำนวณ '!A:U, 21, FALSE), "") -> 1 | J35: =IFERROR(VLOOKUP(VALUE(B35), 'คำนวณ '!A:V, 22, FALSE), "")
A36: 112 | B36: 1122101 | C36: เป็ดสด | G36: ชุด อ. | I36: =IFERROR(VLOOKUP(VALUE(B36), 'คำนวณ '!A:U, 21, FALSE), "") | J36: =IFERROR(VLOOKUP(VALUE(B36), 'คำนวณ '!A:V, 22, FALSE), "")
A37: 112 | B37: 1122102 | C37: ไก่สด | D37: C | E37: 8 | F37: 2แหล่ง (1ทั้งตัวไม่รวมเครื่องใน/1ผ่าซีกครั้งตัว/1น่องติดสะโพก/1แต่งปีกเต็ม) | G37: ชุด อ. | H37: สัปดาห์ | I37: =IFERROR(VLOOKUP(VALUE(B37), 'คำนวณ '!A:U, 21, FALSE), "") -> 1 | J37: =IFERROR(VLOOKUP(VALUE(B37), 'คำนวณ '!A:V, 22, FALSE), "") -> 1
A38: 112 | B38: 1122201 | C38: เป็ดพะโล้ | G38: ชุด อ. | I38: =IFERROR(VLOOKUP(VALUE(B38), 'คำนวณ '!A:U, 21, FALSE), "") | J38: =IFERROR(VLOOKUP(VALUE(B38), 'คำนวณ '!A:V, 22, FALSE), "")
A39: 112 | B39: 1122202 | C39: ไก่ย่าง | G39: ชุด อ. | I39: =IFERROR(VLOOKUP(VALUE(B39), 'คำนวณ '!A:U, 21, FALSE), "") | J39: =IFERROR(VLOOKUP(VALUE(B39), 'คำนวณ '!A:V, 22, FALSE), "")
A40: 112 | B40: 1122203 | C40: ไก่ทอด | G40: ชุด อ. | I40: =IFERROR(VLOOKUP(VALUE(B40), 'คำนวณ '!A:U, 21, FALSE), "") | J40: =IFERROR(VLOOKUP(VALUE(B40), 'คำนวณ '!A:V, 22, FALSE), "")
A41: 112 | B41: 1123101 | C41: ปลาช่อน | D41: แบม | E41: 4 | F41: 2แหล่ง 2สเปค | G41: ชุด อ. | H41: สัปดาห์ | I41: =IFERROR(VLOOKUP(VALUE(B41), 'คำนวณ '!A:U, 21, FALSE), "") -> 1 | J41: =IFERROR(VLOOKUP(VALUE(B41), 'คำนวณ '!A:V, 22, FALSE), "") -> 1
A42: 112 | B42: 1123102 | C42: ปลาดุก | D42: แบม | E42: 4 | F42: 2แหล่ง 2สเปค | G42: ชุด อ. | H42: สัปดาห์ | I42: =IFERROR(VLOOKUP(VALUE(B42), 'คำนวณ '!A:U, 21, FALSE), "") -> 1 | J42: =IFERROR(VLOOKUP(VALUE(B42), 'คำนวณ '!A:V, 22, FALSE), "") -> 1
A43: 112 | B43: 1123103 | C43: ปลานิล | D43: แบม | E43: 4 | F43: 2แหล่ง 2สเปค | G43: ชุด อ. | H43: สัปดาห์ | I43: =IFERROR(VLOOKUP(VALUE(B43), 'คำนวณ '!A:U, 21, FALSE), "") -> 1 | J43: =IFERROR(VLOOKUP(VALUE(B43), 'คำนวณ '!A:V, 22, FALSE), "") -> 1
A44: 112 | B44: 1123104 | C44: ปลาทับทิม | D44: แบม | E44: 4 | F44: 2แหล่ง 2สเปค | G44: ชุด อ. | H44: สัปดาห์ | I44: =IFERROR(VLOOKUP(VALUE(B44), 'คำนวณ '!A:U, 21, FALSE), "") -> 1 | J44: =IFERROR(VLOOKUP(VALUE(B44), 'คำนวณ '!A:V, 22, FALSE), "") -> 1
A45: 112 | B45: 1123105 | C45: ปลาตะเพียน | G45: ชุด อ. | I45: =IFERROR(VLOOKUP(VALUE(B45), 'คำนวณ '!A:U, 21, FALSE), "") | J45: =IFERROR(VLOOKUP(VALUE(B45), 'คำนวณ '!A:V, 22, FALSE), "")
A46: 112 | B46: 1123201 | C46: ปลาจะละเม็ด | G46: ชุด อ. | I46: =IFERROR(VLOOKUP(VALUE(B46), 'คำนวณ '!A:U, 21, FALSE), "") | J46: =IFERROR(VLOOKUP(VALUE(B46), 'คำนวณ '!A:V, 22, FALSE), "")
A47: 112 | B47: 1123202 | C47: ปลากะพง | D47: แบม | E47: 4 | F47: 2แหล่ง 2สเปค | G47: ชุด อ. | H47: สัปดาห์ | I47: =IFERROR(VLOOKUP(VALUE(B47), 'คำนวณ '!A:U, 21, FALSE), "") -> 1 | J47: =IFERROR(VLOOKUP(VALUE(B47), 'คำนวณ '!A:V, 22, FALSE), "") -> 1
A48: 112 | B48: 1123203 | C48: ปลาแดง | D48: แบม | E48: 2 | F48: 2แหล่ง 1สเปค | G48: ชุด อ. | H48: สัปดาห์ | I48: =IFERROR(VLOOKUP(VALUE(B48), 'คำนวณ '!A:U, 21, FALSE), "") -> 1 | J48: =IFERROR(VLOOKUP(VALUE(B48), 'คำนวณ '!A:V, 22, FALSE), "")
A49: 112 | B49: 1123204 | C49: ปลาทู | D49: แบม | E49: 2 | F49: 2แหล่ง 1สเปค | G49: ชุด อ. | H49: สัปดาห์ | I49: =IFERROR(VLOOKUP(VALUE(B49), 'คำนวณ '!A:U, 21, FALSE), "") -> 1 | J49: =IFERROR(VLOOKUP(VALUE(B49), 'คำนวณ '!A:V, 22, FALSE), "") -> 1
A50: 112 | B50: 1123205 | C50: ปลาลัง | G50: ชุด อ. | I50: =IFERROR(VLOOKUP(VALUE(B50), 'คำนวณ '!A:U, 21, FALSE), "") | J50: =IFERROR(VLOOKUP(VALUE(B50), 'คำนวณ '!A:V, 22, FALSE), "")
A51: 112 | B51: 1123206 | C51: ปลาสำลี | G51: ชุด อ. | I51: =IFERROR(VLOOKUP(VALUE(B51), 'คำนวณ '!A:U, 21, FALSE), "") | J51: =IFERROR(VLOOKUP(VALUE(B51), 'คำนวณ '!A:V, 22, FALSE), "")
A52: 112 | B52: 1123207 | C52: ปลาโอ | G52: ชุด อ. | I52: =IFERROR(VLOOKUP(VALUE(B52), 'คำนวณ '!A:U, 21, FALSE), "") | J52: =IFERROR(VLOOKUP(VALUE(B52), 'คำนวณ '!A:V, 22, FALSE), "")
A53: 112 | B53: 1123208 | C53: ปลาสีกุน | G53: ชุด อ. | I53: =IFERROR(VLOOKUP(VALUE(B53), 'คำนวณ '!A:U, 21, FALSE), "") | J53: =IFERROR(VLOOKUP(VALUE(B53), 'คำนวณ '!A:V, 22, FALSE), "")
A54: 112 | B54: 1123209 | C54: ปลาเก๋า | G54: ชุด อ. | I54: =IFERROR(VLOOKUP(VALUE(B54), 'คำนวณ '!A:U, 21, FALSE), "") | J54: =IFERROR(VLOOKUP(VALUE(B54), 'คำนวณ '!A:V, 22, FALSE), "")
A55: 112 | B55: 1123210 | C55: ปลาแซลมอน | D55: แบม | E55: 4 | F55: 2แหล่ง 2สเปค | G55: ชุด อ. | H55: สัปดาห์ | I55: =IFERROR(VLOOKUP(VALUE(B55), 'คำนวณ '!A:U, 21, FALSE), "") -> 1 | J55: =IFERROR(VLOOKUP(VALUE(B55), 'คำนวณ '!A:V, 22, FALSE), "")
A56: 112 | B56: 1123301 | C56: กุ้งนาง | D56: ลูกหมู | E56: 2 | F56: 2แหล่ง 1สเปค | G56: ชุด อ. | H56: สัปดาห์ | I56: =IFERROR(VLOOKUP(VALUE(B56), 'คำนวณ '!A:U, 21, FALSE), "") -> 1 | J56: =IFERROR(VLOOKUP(VALUE(B56), 'คำนวณ '!A:V, 22, FALSE), "") -> 1
A57: 112 | B57: 1123302 | C57: กุ้งขาว | D57: ลูกหมู | E57: 2 | F57: 2แหล่ง 1สเปค | G57: ชุด อ. | H57: สัปดาห์ | I57: =IFERROR(VLOOKUP(VALUE(B57), 'คำนวณ '!A:U, 21, FALSE), "") -> 1 | J57: =IFERROR(VLOOKUP(VALUE(B57), 'คำนวณ '!A:V, 22, FALSE), "") -> 1
A58: 112 | B58: 1123303 | C58: กุ้งกุลาดำ | G58: ชุด อ. | I58: =IFERROR(VLOOKUP(VALUE(B58), 'คำนวณ '!A:U, 21, FALSE), "") | J58: =IFERROR(VLOOKUP(VALUE(B58), 'คำนวณ '!A:V, 22, FALSE), "")
A59: 112 | B59: 1123304 | C59: ปลาหมึกกล้วย | D59: ลูกหมู | E59: 4 | F59: 2แหล่ง (1ขนาดใหญ่หรือกลาง/1ขนาดเล็ก) | G59: ชุด อ. | H59: สัปดาห์ | I59: =IFERROR(VLOOKUP(VALUE(B59), 'คำนวณ '!A:U, 21, FALSE), "") -> 1 | J59: =IFERROR(VLOOKUP(VALUE(B59), 'คำนวณ '!A:V, 22, FALSE), "") -> 1
A60: 112 | B60: 1123305 | C60: หอยแครง | D60: ลูกหมู | E60: 2 | F60: 2แหล่ง 1สเปค | G60: ชุด อ. | H60: สัปดาห์ | I60: =IFERROR(VLOOKUP(VALUE(B60), 'คำนวณ '!A:U, 21, FALSE), "") -> 1 | J60: =IFERROR(VLOOKUP(VALUE(B60), 'คำนวณ '!A:V, 22, FALSE), "") -> 1
A61: 112 | B61: 1123306 | C61: หอยลาย | D61: ลูกหมู | E61: 2 | F61: 2แหล่ง 1สเปค | G61: ชุด อ. | H61: สัปดาห์ | I61: =IFERROR(VLOOKUP(VALUE(B61), 'คำนวณ '!A:U, 21, FALSE), "") -> 1 | J61: =IFERROR(VLOOKUP(VALUE(B61), 'คำนวณ '!A:V, 22, FALSE), "") -> 1
A62: 112 | B62: 1123307 | C62: หอยแมลงภู่ | D62: ลูกหมู | E62: 2 | F62: 2แหล่ง เลือกเก็บ(แบบปกติหรือแกะเนื้อหอย) | G62: ชุด อ. | H62: สัปดาห์ | I62: =IFERROR(VLOOKUP(VALUE(B62), 'คำนวณ '!A:U, 21, FALSE), "") -> 1 | J62: =IFERROR(VLOOKUP(VALUE(B62), 'คำนวณ '!A:V, 22, FALSE), "") -> 1
A63: 112 | B63: 1123308 | C63: ปูทะเล | G63: ชุด อ. | I63: =IFERROR(VLOOKUP(VALUE(B63), 'คำนวณ '!A:U, 21, FALSE), "") | J63: =IFERROR(VLOOKUP(VALUE(B63), 'คำนวณ '!A:V, 22, FALSE), "")
A64: 112 | B64: 1123309 | C64: ปูม้า | D64: ลูกหมู | E64: 2 | F64: 2แหล่ง 1สเปค | G64: ชุด อ. | H64: สัปดาห์ | I64: =IFERROR(VLOOKUP(VALUE(B64), 'คำนวณ '!A:U, 21, FALSE), "") -> 1 | J64: =IFERROR(VLOOKUP(VALUE(B64), 'คำนวณ '!A:V, 22, FALSE), "") -> 1
A65: 112 | B65: 1123310 | C65: กบ | D65: ลูกหมู | E65: 2 | F65: 2แหล่ง 1สเปค | G65: ชุด อ. | H65: สัปดาห์ | I65: =IFERROR(VLOOKUP(VALUE(B65), 'คำนวณ '!A:U, 21, FALSE), "") -> 1 | J65: =IFERROR(VLOOKUP(VALUE(B65), 'คำนวณ '!A:V, 22, FALSE), "") -> 1
A66: 112 | B66: 1123401 | C66: ปลาทูนึ่ง | D66: ชลัยพร | E66: 4 | F66: 2แหล่ง 2สเปค | G66: ชุด อ. | H66: สัปดาห์ | I66: =IFERROR(VLOOKUP(VALUE(B66), 'คำนวณ '!A:U, 21, FALSE), "") -> 1 | J66: =IFERROR(VLOOKUP(VALUE(B66), 'คำนวณ '!A:V, 22, FALSE), "") -> 1
A67: 112 | B67: 1123402 | C67: ปลาสลิดแห้ง | D67: ชลัยพร | E67: 2 | F67: 2แหล่ง 1สเปค | G67: ชุด อ. | H67: สัปดาห์ | I67: =IFERROR(VLOOKUP(VALUE(B67), 'คำนวณ '!A:U, 21, FALSE), "") -> 1 | J67: =IFERROR(VLOOKUP(VALUE(B67), 'คำนวณ '!A:V, 22, FALSE), "") -> 1
A68: 112 | B68: 1123403 | C68: ปลาช่อนแห้ง | D68: ชลัยพร | E68: 2 | F68: 2แหล่ง 1สเปค | G68: ชุด อ. | H68: สัปดาห์ | I68: =IFERROR(VLOOKUP(VALUE(B68), 'คำนวณ '!A:U, 21, FALSE), "") -> 1 | J68: =IFERROR(VLOOKUP(VALUE(B68), 'คำนวณ '!A:V, 22, FALSE), "") -> 1
A69: 112 | B69: 1123404 | C69: ปลาทูเค็ม | D69: ชลัยพร | E69: 2 | F69: 2แหล่ง 1สเปค | G69: ชุด อ. | H69: สัปดาห์ | I69: =IFERROR(VLOOKUP(VALUE(B69), 'คำนวณ '!A:U, 21, FALSE), "") -> 1 | J69: =IFERROR(VLOOKUP(VALUE(B69), 'คำนวณ '!A:V, 22, FALSE), "") -> 1
A70: 112 | B70: 1123405 | C70: ปลากุเลาเค็ม | G70: ชุด อ. | I70: =IFERROR(VLOOKUP(VALUE(B70), 'คำนวณ '!A:U, 21, FALSE), "") | J70: =IFERROR(VLOOKUP(VALUE(B70), 'คำนวณ '!A:V, 22, FALSE), "")
A71: 112 | B71: 1123406 | C71: ปลาอินทรีย์เค็ม | D71: ชลัยพร | E71: 2 | F71: 2แหล่ง 1สเปค | G71: ชุด อ. | H71: สัปดาห์ | I71: =IFERROR(VLOOKUP(VALUE(B71), 'คำนวณ '!A:U, 21, FALSE), "") -> 1 | J71: =IFERROR(VLOOKUP(VALUE(B71), 'คำนวณ '!A:V, 22, FALSE), "") -> 1
A72: 112 | B72: 1123407 | C72: ปลาหางแข็งเค็ม | D72: ชลัยพร | E72: 2 | F72: 2แหล่ง 1สเปค | G72: ชุด อ. | H72: สัปดาห์ | I72: =IFERROR(VLOOKUP(VALUE(B72), 'คำนวณ '!A:U, 21, FALSE), "") -> 1 | J72: =IFERROR(VLOOKUP(VALUE(B72), 'คำนวณ '!A:V, 22, FALSE), "")
A73: 112 | B73: 1123408 | C73: ปลาหมึกแห้ง | D73: ชลัยพร | E73: 2 | F73: 2แหล่ง 1สเปค | G73: ชุด อ. | H73: สัปดาห์ | I73: =IFERROR(VLOOKUP(VALUE(B73), 'คำนวณ '!A:U, 21, FALSE), "") -> 1 | J73: =IFERROR(VLOOKUP(VALUE(B73), 'คำนวณ '!A:V, 22, FALSE), "") -> 1
A74: 112 | B74: 1123501 | C74: กุ้งแห้ง | D74: ชลัยพร | E74: 4 | F74: 2แหล่ง 2สเปค | G74: ชุด อ. | H74: สัปดาห์ | I74: =IFERROR(VLOOKUP(VALUE(B74), 'คำนวณ '!A:U, 21, FALSE), "") -> 1 | J74: =IFERROR(VLOOKUP(VALUE(B74), 'คำนวณ '!A:V, 22, FALSE), "") -> 1
A75: 112 | B75: 1123502 | C75: ปูเค็ม | G75: ชุด อ. | I75: =IFERROR(VLOOKUP(VALUE(B75), 'คำนวณ '!A:U, 21, FALSE), "") | J75: =IFERROR(VLOOKUP(VALUE(B75), 'คำนวณ '!A:V, 22, FALSE), "")
A76: 112 | B76: 1123503 | C76: ลูกชิ้นปลา | D76: ชลัยพร | E76: 2 | F76: 2แหล่ง 1สเปค | G76: ชุด อ. | H76: สัปดาห์ | I76: =IFERROR(VLOOKUP(VALUE(B76), 'คำนวณ '!A:U, 21, FALSE), "") -> 1 | J76: =IFERROR(VLOOKUP(VALUE(B76), 'คำนวณ '!A:V, 22, FALSE), "") -> 1
A77: 112 | B77: 1123504 | C77: ปลาร้า | D77: ชลัยพร | E77: 2 | F77: 2แหล่ง 1สเปค | G77: ชุด อ. | H77: สัปดาห์ | I77: =IFERROR(VLOOKUP(VALUE(B77), 'คำนวณ '!A:U, 21, FALSE), "") -> 1 | J77: =IFERROR(VLOOKUP(VALUE(B77), 'คำนวณ '!A:V, 22, FALSE), "") -> 1
A78: 112 | B78: 1123505 | C78: ปูอัด | D78: แบม | E78: 4 | F78: 2แหล่ง 2สเปค | G78: ชุด อ. | H78: สัปดาห์ | I78: =IFERROR(VLOOKUP(VALUE(B78), 'คำนวณ '!A:U, 21, FALSE), "") -> 1 | J78: =IFERROR(VLOOKUP(VALUE(B78), 'คำนวณ '!A:V, 22, FALSE), "") -> 1
A79: 113 | B79: 1131001 | C79: ไข่ไก่ | D79: C | E79: 2 | F79: 2แหล่ง 1สเปค | G79: ชุด อ. | H79: สัปดาห์ | I79: =IFERROR(VLOOKUP(VALUE(B79), 'คำนวณ '!A:U, 21, FALSE), "") -> 1 | J79: =IFERROR(VLOOKUP(VALUE(B79), 'คำนวณ '!A:V, 22, FALSE), "") -> 1
A80: 113 | B80: 1131002 | C80: ไข่เป็ด | D80: C | E80: 2 | F80: 2แหล่ง 1สเปค | G80: ชุด อ. | H80: สัปดาห์ | I80: =IFERROR(VLOOKUP(VALUE(B80), 'คำนวณ '!A:U, 21, FALSE), "") -> 1 | J80: =IFERROR(VLOOKUP(VALUE(B80), 'คำนวณ '!A:V, 22, FALSE), "") -> 1
A81: 113 | B81: 1131003 | C81: ไข่เค็ม | G81: ชุด อ. | I81: =IFERROR(VLOOKUP(VALUE(B81), 'คำนวณ '!A:U, 21, FALSE), "") | J81: =IFERROR(VLOOKUP(VALUE(B81), 'คำนวณ '!A:V, 22, FALSE), "")
A82: 113 | B82: 1132001 | C82: นมสด | D82: พีท | E82: 4 | F82: 2แหล่ง 2สเปค | G82: ชุด บ. | H82: เดือน | I82: =IFERROR(VLOOKUP(VALUE(B82), 'คำนวณ '!A:U, 21, FALSE), "") -> 1 | J82: =IFERROR(VLOOKUP(VALUE(B82), 'คำนวณ '!A:V, 22, FALSE), "") -> 1 | K82: ราคากลาง
A83: 113 | B83: 1132002 | C83: นมข้นหวาน | D83: พีท | E83: 4 | F83: 2แหล่ง 2สเปค | G83: ชุด บ. | H83: เดือน | I83: =IFERROR(VLOOKUP(VALUE(B83), 'คำนวณ '!A:U, 21, FALSE), "") -> 1 | J83: =IFERROR(VLOOKUP(VALUE(B83), 'คำนวณ '!A:V, 22, FALSE), "") | K83: ราคากลาง
A84: 113 | B84: 1132003 | C84: นมผง | D84: พีท | E84: 4 | F84: 2แหล่ง 2สเปค | G84: ชุด บ. | H84: เดือน | I84: =IFERROR(VLOOKUP(VALUE(B84), 'คำนวณ '!A:U, 21, FALSE), "") -> 1 | J84: =IFERROR(VLOOKUP(VALUE(B84), 'คำนวณ '!A:V, 22, FALSE), "") -> 1 | K84: ราคากลาง
A85: 113 | B85: 1132004 | C85: นมเปรี้ยว | D85: พีท | E85: 4 | F85: 2แหล่ง 2สเปค | G85: ชุด บ. | H85: เดือน | I85: =IFERROR(VLOOKUP(VALUE(B85), 'คำนวณ '!A:U, 21, FALSE), "") -> 1 | J85: =IFERROR(VLOOKUP(VALUE(B85), 'คำนวณ '!A:V, 22, FALSE), "") -> 1 | K85: ราคากลาง
A86: 113 | B86: 1132005 | C86: ครีมเทียม | D86: พีท | E86: 4 | F86: 2แหล่ง 2สเปค | G86: ชุด บ. | H86: เดือน | I86: =IFERROR(VLOOKUP(VALUE(B86), 'คำนวณ '!A:U, 21, FALSE), "") | J86: =IFERROR(VLOOKUP(VALUE(B86), 'คำนวณ '!A:V, 22, FALSE), "") | K86: ราคากลาง
A87: 113 | B87: 1132006 | C87: นมถั่วเหลือง | D87: พีท | E87: 4 | F87: 2แหล่ง 2สเปค | G87: ชุด บ. | H87: เดือน | I87: =IFERROR(VLOOKUP(VALUE(B87), 'คำนวณ '!A:U, 21, FALSE), "") -> 1 | J87: =IFERROR(VLOOKUP(VALUE(B87), 'คำนวณ '!A:V, 22, FALSE), "") -> 1 | K87: ราคากลาง
A88: 113 | B88: 1132007 | C88: เนยแข็ง | G88: ชุด บ. | I88: =IFERROR(VLOOKUP(VALUE(B88), 'คำนวณ '!A:U, 21, FALSE), "") | J88: =IFERROR(VLOOKUP(VALUE(B88), 'คำนวณ '!A:V, 22, FALSE), "")
A89: 113 | B89: 1132008 | C89: เนยเทียม (มาการีน) | G89: ชุด บ. | I89: =IFERROR(VLOOKUP(VALUE(B89), 'คำนวณ '!A:U, 21, FALSE), "") | J89: =IFERROR(VLOOKUP(VALUE(B89), 'คำนวณ '!A:V, 22, FALSE), "")
A90: 114 | B90: 1141101 | C90: กะหล่ำปลี | D90: ปอ | E90: 2 | F90: 2แหล่ง 1สเปค | G90: ชุด อ. | H90: สัปดาห์ | I90: =IFERROR(VLOOKUP(VALUE(B90), 'คำนวณ '!A:U, 21, FALSE), "") -> 1 | J90: =IFERROR(VLOOKUP(VALUE(B90), 'คำนวณ '!A:V, 22, FALSE), "") -> 1
A91: 114 | B91: 1141102 | C91: แตงกวา | D91: ปอ | E91: 2 | F91: 2แหล่ง 1สเปค | G91: ชุด อ. | H91: สัปดาห์ | I91: =IFERROR(VLOOKUP(VALUE(B91), 'คำนวณ '!A:U, 21, FALSE), "") -> 1 | J91: =IFERROR(VLOOKUP(VALUE(B91), 'คำนวณ '!A:V, 22, FALSE), "") -> 1
A92: 114 | B92: 1141103 | C92: ผักกาดขาว | D92: ปอ | E92: 2 | F92: 2แหล่ง 1สเปค | G92: ชุด อ. | H92: สัปดาห์ | I92: =IFERROR(VLOOKUP(VALUE(B92), 'คำนวณ '!A:U, 21, FALSE), "") -> 1 | J92: =IFERROR(VLOOKUP(VALUE(B92), 'คำนวณ '!A:V, 22, FALSE), "") -> 1
A93: 114 | B93: 1141104 | C93: ผักคะน้า | D93: ปอ | E93: 2 | F93: 2แหล่ง 1สเปค | G93: ชุด อ. | H93: สัปดาห์ | I93: =IFERROR(VLOOKUP(VALUE(B93), 'คำนวณ '!A:U, 21, FALSE), "") -> 1 | J93: =IFERROR(VLOOKUP(VALUE(B93), 'คำนวณ '!A:V, 22, FALSE), "") -> 1
A94: 114 | B94: 1141105 | C94: เห็ด | D94: ปอ | E94: 4 | F94: 2แหล่ง (1นางฟ้า/1ฟาง) | G94: ชุด อ. | H94: สัปดาห์ | I94: =IFERROR(VLOOKUP(VALUE(B94), 'คำนวณ '!A:U, 21, FALSE), "") -> 1 | J94: =IFERROR(VLOOKUP(VALUE(B94), 'คำนวณ '!A:V, 22, FALSE), "") -> 1
A95: 114 | B95: 1141106 | C95: ผักบุ้ง | D95: ปอ | E95: 2 | F95: 2แหล่ง 1สเปค | G95: ชุด อ. | H95: สัปดาห์ | I95: =IFERROR(VLOOKUP(VALUE(B95), 'คำนวณ '!A:U, 21, FALSE), "") -> 1 | J95: =IFERROR(VLOOKUP(VALUE(B95), 'คำนวณ '!A:V, 22, FALSE), "") -> 1
A96: 114 | B96: 1141107 | C96: ผักชี | D96: ปอ | E96: 2 | F96: 2แหล่ง 1สเปค | G96: ชุด อ. | H96: สัปดาห์ | I96: =IFERROR(VLOOKUP(VALUE(B96), 'คำนวณ '!A:U, 21, FALSE), "") -> 1 | J96: =IFERROR(VLOOKUP(VALUE(B96), 'คำนวณ '!A:V, 22, FALSE), "") -> 1
A97: 114 | B97: 1141108 | C97: มะเขือ | D97: ปอ | E97: 2 | F97: 2แหล่ง 1สเปค | G97: ชุด อ. | H97: สัปดาห์ | I97: =IFERROR(VLOOKUP(VALUE(B97), 'คำนวณ '!A:U, 21, FALSE), "") -> 1 | J97: =IFERROR(VLOOKUP(VALUE(B97), 'คำนวณ '!A:V, 22, FALSE), "") -> 1
A98: 114 | B98: 1141109 | C98: มะเขือเทศ | D98: ปอ | E98: 2 | F98: 2แหล่ง 1สเปค | G98: ชุด อ. | H98: สัปดาห์ | I98: =IFERROR(VLOOKUP(VALUE(B98), 'คำนวณ '!A:U, 21, FALSE), "") -> 1 | J98: =IFERROR(VLOOKUP(VALUE(B98), 'คำนวณ '!A:V, 22, FALSE), "") -> 1
A99: 114 | B99: 1141110 | C99: ถั่วฝักยาว | D99: ปอ | E99: 2 | F99: 2แหล่ง 1สเปค | G99: ชุด อ. | H99: สัปดาห์ | I99: =IFERROR(VLOOKUP(VALUE(B99), 'คำนวณ '!A:U, 21, FALSE), "") -> 1 | J99: =IFERROR(VLOOKUP(VALUE(B99), 'คำนวณ '!A:V, 22, FALSE), "") -> 1
A100: 114 | B100: 1141111 | C100: บวบ | D100: ปอ | E100: 2 | F100: 2แหล่ง 1สเปค | G100: ชุด อ. | H100: สัปดาห์ | I100: =IFERROR(VLOOKUP(VALUE(B100), 'คำนวณ '!A:U, 21, FALSE), "") -> 1 | J100: =IFERROR(VLOOKUP(VALUE(B100), 'คำนวณ '!A:V, 22, FALSE), "") -> 1
...

Sheet จังหวัดใช้งาน
A1: ชุดCPI | B1: ภาค | C1: อำเภอ | D1: จังหวัด/กลุ่ม
A2: ชุดอำเภอเมือง | B2: กรุงเทพมหานคร | C2: เมือง | D2: กลุ่มจตุจักร
A3: ชุดอำเภอเมือง | B3: กรุงเทพมหานคร | C3: เมือง | D3: กลุ่มบางกะปิ
A4: ชุดอำเภอเมือง | B4: กรุงเทพมหานคร | C4: เมือง | D4: กลุ่มบางบอน
A5: ชุดอำเภอเมือง | B5: กรุงเทพมหานคร | C5: เมือง | D5: กลุ่มบางประกอก
A6: ชุดอำเภอเมือง | B6: กรุงเทพมหานคร | C6: เมือง | D6: กลุ่มบางแค
A7: ชุดอำเภอเมือง | B7: กรุงเทพมหานคร | C7: เมือง | D7: กลุ่มพระโขนง
A8: ชุดอำเภอเมือง | B8: กรุงเทพมหานคร | C8: เมือง | D8: กลุ่มพรานนก
A9: ชุดอำเภอเมือง | B9: กรุงเทพมหานคร | C9: เมือง | D9: กลุ่มมีนบุรี
A10: ชุดอำเภอเมือง | B10: กรุงเทพมหานคร | C10: เมือง | D10: กลุ่มรุ่งเจริญพระราม3(บางรักเดิม)
A11: ชุดอำเภอเมือง | B11: กรุงเทพมหานคร | C11: เมือง | D11: กลุ่มวงเวียนใหญ่
A12: ชุดอำเภอเมือง | B12: กรุงเทพมหานคร | C12: เมือง | D12: กลุ่มสะพานใหม่
... A107: ชุดนอกเขตเมือง | B107: เหนือ | C107: เด่นชัย | D107: แพร่

Sheet shop_manual_cleansing
A1: Result | B1: Primary Keywords | C1: Sub Keywords
A2: ร้านอื่นๆ | B2: ร้านหน้าโลตัส, ปลาผา, WASH, Amazon, เอเมซอน, คาเฟ่, Cafe, ศูนย์อาหาร, อาหาร, ร้านยา, ขายยา, ข้าว, DRUG, เอเซ่เว่น
A3: ไทวัสดุ | B3: ไทวัสดุ, วัตดุ
A4: Watson | B4: วัตสัน, Watson
A5: Unico | B5: Uni
A6: Tops_daily | B6: Tops, ท็อปส์, ท็อปน์,ท็อปน์ (เซ็นทรัล นนทบุรี), Tops, ท็อปส์,ท็อปส์ เดลี่, ท็อปส์ มาร์เก็ต, ท็อปส์มาร์เก็ต, Tops, ห้างท็อปส์, TOPS | C6: เดลี่
A7: Tops | B7: ท็อปน์ (เซ็นทรัล นนทบุรี), Tops, ท็อปส์,ท็อปส์ เดลี่, ท็อปส์ มาร์เก็ต, ท็อปส์มาร์เก็ต, Tops, ห้างท็อปส์, TOPS
A8: The Mall | B8: เดอะมอลล์, mall, Mall
A9: Tesco Lotus | B9: โลตัส, Lotus, Tesco, โลตัล, Lotus's,โลตัส, Lotus, Tesco, โลตัล
A10: Seven Eleven | B10: 7-ELEVEN, เซ่เว่น,อีเลฟเว่น, ELEVEN, 7 - 11, 7-11, 7-ELEVEN, เซเว่น, 7-Eleven, seven, SEVEN, Eleven, เซ่เว่น
A11: Powerbuy | B11: buy, พาวเวอร์
A12: MegaHome | B12: เมกะโฮม, MegaHome
A13: Maxvalue | B13: Maxvalue, แม็กซ์แวลู, Max Valu
A14: Makro | B14: แม็คโคร, แม็คโค, เเม็คโค, Makro,แม็คโค, เเม็คโค
A15: Lotus_gofresh | B15: โลตัส, tesco, Tesco, โลตัล, Lotus,โลตัส, Lotus, Tesco, โลตัล | C15: เฟรซ, เฟรช, โก, exp, gofresh, โก้
A16: Homepro | B16: โฮมโปร, Homepro
A17: Gourmet Market | B17: กูรเมต์, กูร์เมต์,กูร์เมต์,กรูเม่,Gourmet
A18: GlobalHouse | B18: โกบอล, โกลบอล, โกลบอน, Global
A19: DoHome | B19: ดโฮม, ดูโฮม, DoHome
A20: CP Freshmart | B20: เฟรชมาร์ท, Freshmat
A21: CJ EXPRESS | B21: CJ EXPRESS,CJ, ซี เจ, ซีเจ, Cj Express, Cj MORE
A22: Central | B22: เซนทรัล, CENTRAL, เซ็นทรัล,Central,Central,เซนทรัล, CENTRAL, เซ็นทรัล
A23: BigC_mini | B23: Big C, บิ๊กซี, บิกซี, BigC | C23: มินิ, Mini, mini
A24: Big C | B24: บิ๊กซี, บิกซี, Big C, Big-C,Big C, บิ๊กซี, บิกซี, Big-C, BigC

Sheet ข้อมูล_gmail
A1: รายชื่อ | B1: gmail
A2: เบส | B2: phonkritkhanthom@gmail.com
A3: เป๋าฮื้อ | B3: pao.tanapon.th@gmail.com
A4: เฟิน | B4: ferne.works@gmail.com
A5: เอิร์น | B5: earnnysupawan@gmail.com
A6: จารุณี | B6: vatanjinda@gmail.com
A7: ชลัยพร | B7: chalaiporn.j619@gmail.com
A8: ต้า | B8: piyatakap@gmail.com
A9: นันทวัน | B9: missluk1234@gmail.com
A10: นุ่น | B10: pattira.noon@gmail.com
A11: ปอ | B11: porpat26@gmail.com
A12: พีท | B12: peetsoon5@gmail.com
... A22: แบม | B22: Nipaporn.bam.41@gmail.com

Sheet คำนวณ 
A1: น้ำหนักปีฐาน 2566 | D1: 432 | E1: 430 | F1: 429 | G1: 420 | H1: 430 | I1: 464 | J1: 350 | K1: 398 | L1: 385 | M1: 395 | N1: 384 | O1: 418 | P1: 409 | Q1: 397 | R1: 407 | S1: 403 | T1: 420 | U1: =SUM(U2:U636) -> 465 | V1: =SUM(V2:V636) -> 420
A2: re_code | B2: รายการ | D2: BKK | E2: CEN | F2: NOR | G2: NET | H2: SOU | I2: TG | J2: BL | K2: CL | L2: EL | M2: NL | N2: SL | O2: TL | P2: CU | Q2: EU | R2: NU | S2: SU | T2: TU | U2: G/L | V2: U
A3: 0 | B3: รวมทุกรายการ | C3: 1
A4: 1000000 | B4: หมวดอาหารและเครื่องดื่มไม่มีแอลกอฮอล์ | C4: 1
A5: 1100000 | B5: อาหารปรุงที่บ้าน | C5: 2
A6: 1110000 | B6: ข้าว แป้งและผลิตภัณฑ์จากแป้ง | C6: 3
A7: 1111000 | B7: ข้าว | C7: 4
A8: 1111001 | B8: ข้าวสารเจ้า | C8: 7 | D8: 1 | E8: 1 | F8: 1 | G8: 1 | H8: 1 | I8: 1 | J8: 1 | K8: 1 | L8: 1 | M8: 1 | N8: 1 | O8: 1 | P8: 1 | Q8: 1 | R8: 1 | S8: 1 | T8: 1 | U8: =if(I8+O8>0,1,"") -> 1 | V8: =if(T8>0,1,"") -> 1
A9: 1111002 | B9: ข้าวสารเหนียว | C9: 7 | D9: 1 | E9: 1 | F9: 1 | G9: 1 | H9: 1 | I9: 1 | J9: 1 | K9: 1 | L9: 1 | M9: 1 | N9: 1 | O9: 1 | P9: 1 | Q9: 1 | R9: 1 | S9: 1 | T9: 1 | U9: =if(I9+O9>0,1,"") -> 1 | V9: =if(T9>0,1,"") -> 1
A10: 1112000 | B10: แป้งและผลิตภัณฑ์จากแป้ง | C10: 4
A11: 1112100 | B11: แป้ง | C11: 5
A12: 1112104 | B12: แป้งทอดกรอบ | C12: 7 | D12: 1 | E12: 1 | F12: 1 | G12: 1 | H12: 1 | I12: 1 | J12: 1 | K12: 1 | L12: 1 | M12: 1 | N12: 1 | O12: 1 | P12: 1 | Q12: 1 | R12: 1 | S12: 1 | T12: 1 | U12: =if(I12+O12>0,1,"") -> 1 | V12: =if(T12>0,1,"") -> 1
A13: 1112200 | B13: ผลิตภัณฑ์จากแป้ง | C13: 5
A14: 1112202 | B14: วุ้นเส้น | C14: 7 | D14: 1 | E14: 1 | F14: 1 | G14: 1 | H14: 1 | I14: 1 | J14: 1 | K14: 1 | L14: 1 | M14: 1 | N14: 1 | O14: 1 | P14: 1 | Q14: 1 | R14: 1 | S14: 1 | T14: 1 | U14: =if(I14+O14>0,1,"") -> 1 | V14: =if(T14>0,1,"") -> 1
A15: 1112203 | B15: เต้าหู้ | C15: 7 | D15: 1 | E15: 1 | F15: 1 | G15: 1 | H15: 1 | I15: 1 | J15: 1 | K15: 1 | L15: 1 | M15: 1 | N15: 1 | O15: 1 | P15: 1 | Q15: 1 | R15: 1 | S15: 1 | T15: 1 | U15: =if(I15+O15>0,1,"") -> 1 | V15: =if(T15>0,1,"") -> 1
A16: 1112205 | B16: ขนมปังปอนด์ | C16: 7 | D16: 1 | E16: 1 | F16: 1 | G16: 1 | H16: 1 | I16: 1 | J16: 1 | K16: 1 | L16: 1 | M16: 1 | N16: 1 | O16: 1 | P16: 1 | Q16: 1 | R16: 1 | S16: 1 | T16: 1 | U16: =if(I16+O16>0,1,"") -> 1 | V16: =if(T16>0,1,"") -> 1
A17: 1112207 | B17: อาหารธัญพืช | C17: 7 | D17: 1 | E17: 1 | F17: 1 | G17: 1 | H17: 1 | I17: 1 | J17: 1 | K17: 1 | L17: 1 | M17: 1 | N17: 1 | O17: 1 | P17: 1 | Q17: 1 | R17: 1 | S17: 1 | T17: 1 | U17: =if(I17+O17>0,1,"") -> 1 | V17: =if(T17>0,1,"") -> 1
A18: 1112210 | B18: ขนมอบ | C18: 7 | D18: 1 | E18: 1 | F18: 1 | G18: 1 | H18: 1 | I18: 1 | J18: 1 | K18: 1 | L18: 1 | M18: 1 | N18: 1 | O18: 1 | P18: 1 | Q18: 1 | R18: 1 | S18: 1 | T18: 1 | U18: =if(I18+O18>0,1,"") -> 1 | V18: =if(T18>0,1,"") -> 1
A19: 1120000 | B19: เนื้อสัตว์ เป็ดไก่ และสัตว์น้ำ | C19: 3
A20: 1121000 | B20: เนื้อสัตว์ | C20: 4
A21: 1121100 | B21: เนื้อสัตว์สด | C21: 5
A22: 1121101 | B22: เนื้อสุกร | C22: 7 | D22: 1 | E22: 1 | F22: 1 | G22: 1 | H22: 1 | I22: 1 | J22: 1 | K22: 1 | L22: 1 | M22: 1 | N22: 1 | O22: 1 | P22: 1 | Q22: 1 | R22: 1 | S22: 1 | T22: 1 | U22: =if(I22+O22>0,1,"") -> 1 | V22: =if(T22>0,1,"") -> 1
A23: 1121103 | B23: กระดูกซี่โครงหมู | C23: 7 | D23: 1 | E23: 1 | F23: 1 | G23: 1 | H23: 1 | I23: 1 | J23: 1 | K23: 1 | L23: 1 | M23: 1 | N23: 1 | O23: 1 | P23: 1 | Q23: 1 | R23: 1 | S23: 1 | T23: 1 | U23: =if(I23+O23>0,1,"") -> 1 | V23: =if(T23>0,1,"") -> 1
A24: 1121104 | B24: เนื้อโค | C24: 7 | D24: 1 | E24: 1 | F24: 1 | G24: 1 | H24: 1 | I24: 1 | J24: 1 | K24: 1 | L24: 1 | M24: 1 | N24: 1 | O24: 1 | P24: 1 | Q24: 1 | R24: 1 | S24: 1 | T24: 1 | U24: =if(I24+O24>0,1,"") -> 1 | V24: =if(T24>0,1,"") -> 1
A25: 1121105 | B25: เครื่องในหมู | C25: 7 | D25: 1 | E25: 1 | F25: 1 | G25: 1 | H25: 1 | I25: 1 | J25: 1 | K25: 1 | L25: 1 | M25: 1 | N25: 1 | O25: 1 | P25: 1 | Q25: 1 | R25: 1 | S25: 1 | T25: 1 | U25: =if(I25+O25>0,1,"") -> 1 | V25: =if(T25>0,1,"") -> 1
A26: 1121106 | B26: เครื่องในวัว | C26: 7 | D26: 1 | E26: 1 | F26: 1 | G26: 1 | H26: 1 | I26: 1 | J26: 1 | K26: 1 | L26: 1 | M26: 1 | N26: 1 | O26: 1 | P26: 1 | Q26: 1 | R26: 1 | S26: 1 | T26: 1 | U26: =if(I26+O26>0,1,"") -> 1 | V26: =if(T26>0,1,"") -> 1
A27: 1121107 | B27: เนื้อสุกรบด | C27: 7 | D27: 1 | E27: 1 | F27: 1 | G27: 1 | H27: 1 | I27: 1 | J27: 1 | K27: 1 | L27: 1 | M27: 1 | N27: 1 | O27: 1 | P27: 1 | Q27: 1 | R27: 1 | S27: 1 | T27: 1 | U27: =if(I27+O27>0,1,"") -> 1 | V27: =if(T27>0,1,"") -> 1
A28: 1121200 | B28: เนื้อสัตว์แปรรูป | C28: 5
A29: 1121203 | B29: หมูหยอง | C29: 7 | D29: 1 | E29: 1 | I29: 1 | U29: =if(I29+O29>0,1,"") -> 1 | V29: =if(T29>0,1,"")
A30: 1121204 | B30: ไส้กรอก | C30: 7 | D30: 1 | E30: 1 | F30: 1 | G30: 1 | H30: 1 | I30: 1 | J30: 1 | K30: 1 | L30: 1 | M30: 1 | N30: 1 | O30: 1 | P30: 1 | Q30: 1 | R30: 1 | S30: 1 | T30: 1 | U30: =if(I30+O30>0,1,"") -> 1 | V30: =if(T30>0,1,"") -> 1
A31: 1121205 | B31: กุนเชียง | C31: 7 | D31: 1 | E31: 1 | F31: 1 | G31: 1 | H31: 1 | I31: 1 | J31: 1 | K31: 1 | L31: 1 | M31: 1 | N31: 1 | O31: 1 | P31: 1 | Q31: 1 | R31: 1 | S31: 1 | T31: 1 | U31: =if(I31+O31>0,1,"") -> 1 | V31: =if(T31>0,1,"") -> 1
A32: 1121207 | B32: ลูกชิ้นหมู\ไก่ | C32: 7 | D32: 1 | E32: 1 | F32: 1 | G32: 1 | H32: 1 | I32: 1 | J32: 1 | K32: 1 | L32: 1 | M32: 1 | N32: 1 | O32: 1 | P32: 1 | Q32: 1 | R32: 1 | S32: 1 | T32: 1 | U32: =if(I32+O32>0,1,"") -> 1 | V32: =if(T32>0,1,"") -> 1
A33: 1121209 | B33: หมูยอ | C33: 7 | D33: 1 | E33: 1 | F33: 1 | G33: 1 | I33: 1 | J33: 1 | K33: 1 | L33: 1 | M33: 1 | O33: 1 | P33: 1 | Q33: 1 | R33: 1 | T33: 1 | U33: =if(I33+O33>0,1,"") -> 1 | V33: =if(T33>0,1,"") -> 1
A34: 1121210 | B34: แคบหมู | C34: 7 | E34: 1 | F34: 1 | G34: 1 | I34: 1 | K34: 1 | L34: 1 | M34: 1 | N34: 1 | O34: 1 | P34: 1 | Q34: 1 | R34: 1 | S34: 1 | T34: 1 | U34: =if(I34+O34>0,1,"") -> 1 | V34: =if(T34>0,1,"") -> 1
A35: 1121211 | B35: แฮม/เบคอน | C35: 7 | D35: 1 | E35: 1 | F35: 1 | H35: 1 | I35: 1 | U35: =if(I35+O35>0,1,"") -> 1 | V35: =if(T35>0,1,"")
A36: 1122000 | B36: เป็ด ไก่ | C36: 4
A37: 1122100 | B37: เป็ด ไก่ สด | C37: 5
A38: 1122102 | B38: ไก่สด | C38: 7 | D38: 1 | E38: 1 | F38: 1 | G38: 1 | H38: 1 | I38: 1 | J38: 1 | K38: 1 | L38: 1 | M38: 1 | N38: 1 | O38: 1 | P38: 1 | Q38: 1 | R38: 1 | S38: 1 | T38: 1 | U38: =if(I38+O38>0,1,"") -> 1 | V38: =if(T38>0,1,"") -> 1
A39: 1122200 | B39: เป็ด ไก่ สำเร็จรูปและแปรรูป | C39: 5
A40: 1123000 | B40: ปลาและสัตว์น้ำ | C40: 4
A41: 1123100 | B41: ปลาน้ำจืดสด | C41: 5
A42: 1123101 | B42: ปลาช่อน | C42: 7 | D42: 1 | E42: 1 | F42: 1 | G42: 1 | H42: 1 | I42: 1 | J42: 1 | K42: 1 | L42: 1 | M42: 1 | N42: 1 | O42: 1 | P42: 1 | Q42: 1 | R42: 1 | S42: 1 | T42: 1 | U42: =if(I42+O42>0,1,"") -> 1 | V42: =if(T42>0,1,"") -> 1
A43: 1123102 | B43: ปลาดุก | C43: 7 | D43: 1 | E43: 1 | F43: 1 | G43: 1 | H43: 1 | I43: 1 | J43: 1 | K43: 1 | L43: 1 | M43: 1 | N43: 1 | O43: 1 | P43: 1 | Q43: 1 | R43: 1 | S43: 1 | T43: 1 | U43: =if(I43+O43>0,1,"") -> 1 | V43: =if(T43>0,1,"") -> 1
A44: 1123103 | B44: ปลานิล | C44: 7 | D44: 1 | E44: 1 | F44: 1 | G44: 1 | H44: 1 | I44: 1 | J44: 1 | K44: 1 | L44: 1 | M44: 1 | N44: 1 | O44: 1 | P44: 1 | Q44: 1 | R44: 1 | S44: 1 | T44: 1 | U44: =if(I44+O44>0,1,"") -> 1 | V44: =if(T44>0,1,"") -> 1
A45: 1123104 | B45: ปลาทับทิม | C45: 7 | D45: 1 | E45: 1 | F45: 1 | G45: 1 | H45: 1 | I45: 1 | J45: 1 | K45: 1 | L45: 1 | M45: 1 | N45: 1 | O45: 1 | P45: 1 | Q45: 1 | R45: 1 | S45: 1 | T45: 1 | U45: =if(I45+O45>0,1,"") -> 1 | V45: =if(T45>0,1,"") -> 1
A46: 1123200 | B46: ปลาน้ำทะเลสด | C46: 5
A47: 1123202 | B47: ปลากะพง | C47: 7 | D47: 1 | E47: 1 | H47: 1 | I47: 1 | J47: 1 | K47: 1 | L47: 1 | M47: 1 | N47: 1 | O47: 1 | P47: 1 | S47: 1 | T47: 1 | U47: =if(I47+O47>0,1,"") -> 1 | V47: =if(T47>0,1,"") -> 1
A48: 1123203 | B48: ปลาแดง | C48: 7 | D48: 1 | H48: 1 | I48: 1 | J48: 1 | N48: 1 | O48: 1 | U48: =if(I48+O48>0,1,"") -> 1 | V48: =if(T48>0,1,"")
A49: 1123204 | B49: ปลาทู | C49: 7 | D49: 1 | E49: 1 | G49: 1 | H49: 1 | I49: 1 | J49: 1 | K49: 1 | L49: 1 | M49: 1 | N49: 1 | O49: 1 | P49: 1 | Q49: 1 | R49: 1 | S49: 1 | T49: 1 | U49: =if(I49+O49>0,1,"") -> 1 | V49: =if(T49>0,1,"") -> 1
A50: 1123210 | B50: ปลาแซลมอน | C50: 7 | D50: 1 | E50: 1 | F50: 1 | G50: 1 | H50: 1 | I50: 1 | U50: =if(I50+O50>0,1,"") -> 1 | V50: =if(T50>0,1,"")
A51: 1123300 | B51: สัตว์น้ำ | C51: 5
A52: 1123301 | B52: กุ้งนาง | C52: 7 | D52: 1 | E52: 1 | F52: 1 | G52: 1 | H52: 1 | I52: 1 | J52: 1 | K52: 1 | L52: 1 | M52: 1 | N52: 1 | O52: 1 | P52: 1 | Q52: 1 | R52: 1 | S52: 1 | T52: 1 | U52: =if(I52+O52>0,1,"") -> 1 | V52: =if(T52>0,1,"") -> 1
A53: 1123302 | B53: กุ้งขาว | C53: 7 | D53: 1 | E53: 1 | F53: 1 | G53: 1 | H53: 1 | I53: 1 | J53: 1 | K53: 1 | L53: 1 | M53: 1 | N53: 1 | O53: 1 | P53: 1 | Q53: 1 | R53: 1 | S53: 1 | T53: 1 | U53: =if(I53+O53>0,1,"") -> 1 | V53: =if(T53>0,1,"") -> 1
A54: 1123304 | B54: ปลาหมึกกล้วย | C54: 7 | D54: 1 | E54: 1 | F54: 1 | G54: 1 | H54: 1 | I54: 1 | J54: 1 | K54: 1 | L54: 1 | M54: 1 | N54: 1 | O54: 1 | P54: 1 | Q54: 1 | R54: 1 | S54: 1 | T54: 1 | U54: =if(I54+O54>0,1,"") -> 1 | V54: =if(T54>0,1,"") -> 1
A55: 1123305 | B55: หอยแครง | C55: 7 | E55: 1 | F55: 1 | G55: 1 | H55: 1 | I55: 1 | L55: 1 | M55: 1 | N55: 1 | O55: 1 | P55: 1 | Q55: 1 | S55: 1 | T55: 1 | U55: =if(I55+O55>0,1,"") -> 1 | V55: =if(T55>0,1,"") -> 1
A56: 1123306 | B56: หอยลาย | C56: 7 | D56: 1 | E56: 1 | H56: 1 | I56: 1 | J56: 1 | K56: 1 | O56: 1 | P56: 1 | S56: 1 | T56: 1 | U56: =if(I56+O56>0,1,"") -> 1 | V56: =if(T56>0,1,"") -> 1
A57: 1123307 | B57: หอยแมลงภู่ | C57: 7 | D57: 1 | E57: 1 | I57: 1 | P57: 1 | R57: 1 | T57: 1 | U57: =if(I57+O57>0,1,"") -> 1 | V57: =if(T57>0,1,"") -> 1
A58: 1123309 | B58: ปูม้า | C58: 7 | D58: 1 | E58: 1 | F58: 1 | G58: 1 | H58: 1 | I58: 1 | L58: 1 | M58: 1 | N58: 1 | O58: 1 | P58: 1 | S58: 1 | T58: 1 | U58: =if(I58+O58>0,1,"") -> 1 | V58: =if(T58>0,1,"") -> 1
A59: 1123310 | B59: กบ | C59: 7 | F59: 1 | G59: 1 | I59: 1 | L59: 1 | M59: 1 | O59: 1 | Q59: 1 | R59: 1 | S59: 1 | T59: 1 | U59: =if(I59+O59>0,1,"") -> 1 | V59: =if(T59>0,1,"") -> 1
A60: 1123400 | B60: ปลาแปรรูป | C60: 5
A61: 1123401 | B61: ปลาทูนึ่ง | C61: 7 | D61: 1 | E61: 1 | F61: 1 | G61: 1 | H61: 1 | I61: 1 | J61: 1 | K61: 1 | L61: 1 | M61: 1 | N61: 1 | O61: 1 | P61: 1 | Q61: 1 | R61: 1 | S61: 1 | T61: 1 | U61: =if(I61+O61>0,1,"") -> 1 | V61: =if(T61>0,1,"") -> 1
A62: 1123402 | B62: ปลาสลิดแห้ง | C62: 7 | D62: 1 | E62: 1 | F62: 1 | G62: 1 | I62: 1 | J62: 1 | K62: 1 | M62: 1 | N62: 1 | O62: 1 | P62: 1 | R62: 1 | T62: 1 | U62: =if(I62+O62>0,1,"") -> 1 | V62: =if(T62>0,1,"") -> 1
A63: 1123403 | B63: ปลาช่อนแห้ง | C63: 7 | E63: 1 | F63: 1 | G63: 1 | I63: 1 | J63: 1 | K63: 1 | L63: 1 | M63: 1 | O63: 1 | P63: 1 | Q63: 1 | R63: 1 | T63: 1 | U63: =if(I63+O63>0,1,"") -> 1 | V63: =if(T63>0,1,"") -> 1
A64: 1123404 | B64: ปลาทูเค็ม | C64: 7 | E64: 1 | F64: 1 | G64: 1 | H64: 1 | I64: 1 | K64: 1 | L64: 1 | M64: 1 | N64: 1 | O64: 1 | P64: 1 | Q64: 1 | R64: 1 | S64: 1 | T64: 1 | U64: =if(I64+O64>0,1,"") -> 1 | V64: =if(T64>0,1,"") -> 1
A65: 1123406 | B65: ปลาอินทรีย์เค็ม | C65: 7 | D65: 1 | E65: 1 | H65: 1 | I65: 1 | J65: 1 | K65: 1 | N65: 1 | O65: 1 | P65: 1 | S65: 1 | T65: 1 | U65: =if(I65+O65>0,1,"") -> 1 | V65: =if(T65>0,1,"") -> 1
A66: 1123407 | B66: ปลาหางแข็งเค็ม | C66: 7 | E66: 1 | H66: 1 | I66: 1 | K66: 1 | N66: 1 | O66: 1 | U66: =if(I66+O66>0,1,"") -> 1 | V66: =if(T66>0,1,"")
A67: 1123408 | B67: ปลาหมึกแห้ง | C67: 7 | F67: 1 | G67: 1 | I67: 1 | K67: 1 | L67: 1 | M67: 1 | O67: 1 | P67: 1 | Q67: 1 | R67: 1 | T67: 1 | U67: =if(I67+O67>0,1,"") -> 1 | V67: =if(T67>0,1,"") -> 1
A68: 1123500 | B68: สัตว์น้ำแปรรูป | C68: 5
A69: 1123501 | B69: กุ้งแห้ง | C69: 7 | D69: 1 | E69: 1 | H69: 1 | I69: 1 | P69: 1 | S69: 1 | T69: 1 | U69: =if(I69+O69>0,1,"") -> 1 | V69: =if(T69>0,1,"") -> 1
A70: 1123503 | B70: ลูกชิ้นปลา | C70: 7 | D70: 1 | E70: 1 | F70: 1 | G70: 1 | H70: 1 | I70: 1 | J70: 1 | K70: 1 | L70: 1 | N70: 1 | O70: 1 | P70: 1 | S70: 1 | T70: 1 | U70: =if(I70+O70>0,1,"") -> 1 | V70: =if(T70>0,1,"") -> 1
A71: 1123504 | B71: ปลาร้า | C71: 7 | D71: 1 | E71: 1 | F71: 1 | G71: 1 | H71: 1 | I71: 1 | J71: 1 | K71: 1 | L71: 1 | M71: 1 | N71: 1 | O71: 1 | P71: 1 | Q71: 1 | R71: 1 | S71: 1 | T71: 1 | U71: =if(I71+O71>0,1,"") -> 1 | V71: =if(T71>0,1,"") -> 1
A72: 1123505 | B72: ปูอัด | C72: 7 | D72: 1 | E72: 1 | F72: 1 | G72: 1 | H72: 1 | I72: 1 | K72: 1 | L72: 1 | M72: 1 | N72: 1 | O72: 1 | P72: 1 | Q72: 1 | R72: 1 | S72: 1 | T72: 1 | U72: =if(I72+O72>0,1,"") -> 1 | V72: =if(T72>0,1,"") -> 1
A73: 1130000 | B73: ไข่และผลิตภัณฑ์นม | C73: 3
A74: 1131000 | B74: ไข่ | C74: 4
A75: 1131001 | B75: ไข่ไก่ | C75: 7 | D75: 1 | E75: 1 | F75: 1 | G75: 1 | H75: 1 | I75: 1 | J75: 1 | K75: 1 | L75: 1 | M75: 1 | N75: 1 | O75: 1 | P75: 1 | Q75: 1 | R75: 1 | S75: 1 | T75: 1 | U75: =if(I75+O75>0,1,"") -> 1 | V75: =if(T75>0,1,"") -> 1
A76: 1131002 | B76: ไข่เป็ด | C76: 7 | E76: 1 | F76: 1 | G76: 1 | H76: 1 | I76: 1 | K76: 1 | L76: 1 | M76: 1 | N76: 1 | O76: 1 | P76: 1 | Q76: 1 | R76: 1 | S76: 1 | T76: 1 | U76: =if(I76+O76>0,1,"") -> 1 | V76: =if(T76>0,1,"") -> 1
A77: 1132000 | B77: นมและผลิตภัณฑ์นม | C77: 4
A78: 1132001 | B78: นมสด | C78: 7 | D78: 1 | E78: 1 | F78: 1 | G78: 1 | H78: 1 | I78: 1 | J78: 1 | K78: 1 | L78: 1 | M78: 1 | N78: 1 | O78: 1 | P78: 1 | Q78: 1 | R78: 1 | S78: 1 | T78: 1 | U78: =if(I78+O78>0,1,"") -> 1 | V78: =if(T78>0,1,"") -> 1
A79: 1132002 | B79: นมข้นหวาน | C79: 7 | D79: 1 | H79: 1 | I79: 1 | J79: 1 | K79: 1 | N79: 1 | O79: 1 | U79: =if(I79+O79>0,1,"") -> 1 | V79: =if(T79>0,1,"")
A80: 1132003 | B80: นมผง | C80: 7 | D80: 1 | E80: 1 | F80: 1 | G80: 1 | H80: 1 | I80: 1 | J80: 1 | K80: 1 | L80: 1 | M80: 1 | N80: 1 | O80: 1 | P80: 1 | Q80: 1 | R80: 1 | S80: 1 | T80: 1 | U80: =if(I80+O80>0,1,"") -> 1 | V80: =if(T80>0,1,"") -> 1
A81: 1132004 | B81: นมเปรี้ยว | C81: 7 | D81: 1 | E81: 1 | F81: 1 | G81: 1 | H81: 1 | I81: 1 | J81: 1 | K81: 1 | L81: 1 | M81: 1 | N81: 1 | O81: 1 | P81: 1 | Q81: 1 | R81: 1 | S81: 1 | T81: 1 | U81: =if(I81+O81>0,1,"") -> 1 | V81: =if(T81>0,1,"") -> 1
A82: 1132006 | B82: นมถั่วเหลือง | C82: 7 | D82: 1 | E82: 1 | F82: 1 | G82: 1 | H82: 1 | I82: 1 | J82: 1 | K82: 1 | L82: 1 | M82: 1 | N82: 1 | O82: 1 | P82: 1 | Q82: 1 | R82: 1 | S82: 1 | T82: 1 | U82: =if(I82+O82>0,1,"") -> 1 | V82: =if(T82>0,1,"") -> 1
A83: 1140000 | B83: ผักและผลไม้ | C83: 3
A84: 1141000 | B84: ผักสดแปรรูปและอื่นๆ | C84: 4
A85: 1141100 | B85: ผักสด | C85: 5
A86: 1141101 | B86: กะหล่ำปลี | C86: 7 | D86: 1 | E86: 1 | F86: 1 | G86: 1 | H86: 1 | I86: 1 | J86: 1 | K86: 1 | L86: 1 | M86: 1 | N86: 1 | O86: 1 | P86: 1 | Q86: 1 | R86: 1 | S86: 1 | T86: 1 | U86: =if(I86+O86>0,1,"") -> 1 | V86: =if(T86>0,1,"") -> 1
A87: 1141102 | B87: แตงกวา | C87: 7 | D87: 1 | E87: 1 | F87: 1 | G87: 1 | H87: 1 | I87: 1 | J87: 1 | K87: 1 | L87: 1 | M87: 1 | N87: 1 | O87: 1 | P87: 1 | Q87: 1 | R87: 1 | S87: 1 | T87: 1 | U87: =if(I87+O87>0,1,"") -> 1 | V87: =if(T87>0,1,"") -> 1
A88: 1141103 | B88: ผักกาดขาว | C88: 7 | D88: 1 | E88: 1 | F88: 1 | G88: 1 | H88: 1 | I88: 1 | J88: 1 | K88: 1 | L88: 1 | M88: 1 | N88: 1 | O88: 1 | P88: 1 | Q88: 1 | R88: 1 | S88: 1 | T88: 1 | U88: =if(I88+O88>0,1,"") -> 1 | V88: =if(T88>0,1,"") -> 1
A89: 1141104 | B89: ผักคะน้า | C89: 7 | D89: 1 | E89: 1 | F89: 1 | G89: 1 | H89: 1 | I89: 1 | J89: 1 | K89: 1 | L89: 1 | M89: 1 | N89: 1 | O89: 1 | P89: 1 | Q89: 1 | R89: 1 | S89: 1 | T89: 1 | U89: =if(I89+O89>0,1,"") -> 1 | V89: =if(T89>0,1,"") -> 1
A90: 1141105 | B90: เห็ด | C90: 7 | D90: 1 | E90: 1 | F90: 1 | G90: 1 | H90: 1 | I90: 1 | J90: 1 | K90: 1 | L90: 1 | M90: 1 | N90: 1 | O90: 1 | P90: 1 | Q90: 1 | R90: 1 | S90: 1 | T90: 1 | U90: =if(I90+O90>0,1,"") -> 1 | V90: =if(T90>0,1,"") -> 1
A91: 1141106 | B91: ผักบุ้ง | C91: 7 | D91: 1 | E91: 1 | F91: 1 | G91: 1 | H91: 1 | I91: 1 | J91: 1 | K91: 1 | L91: 1 | M91: 1 | N91: 1 | O91: 1 | P91: 1 | Q91: 1 | R91: 1 | S91: 1 | T91: 1 | U91: =if(I91+O91>0,1,"") -> 1 | V91: =if(T91>0,1,"") -> 1
A92: 1141107 | B92: ผักชี | C92: 7 | D92: 1 | E92: 1 | F92: 1 | G92: 1 | H92: 1 | I92: 1 | J92: 1 | K92: 1 | L92: 1 | M92: 1 | N92: 1 | O92: 1 | P92: 1 | Q92: 1 | R92: 1 | S92: 1 | T92: 1 | U92: =if(I92+O92>0,1,"") -> 1 | V92: =if(T92>0,1,"") -> 1
A93: 1141108 | B93: มะเขือ | C93: 7 | D93: 1 | E93: 1 | F93: 1 | G93: 1 | H93: 1 | I93: 1 | J93: 1 | K93: 1 | L93: 1 | M93: 1 | N93: 1 | O93: 1 | P93: 1 | Q93: 1 | R93: 1 | S93: 1 | T93: 1 | U93: =if(I93+O93>0,1,"") -> 1 | V93: =if(T93>0,1,"") -> 1
A94: 1141109 | B94: มะเขือเทศ | C94: 7 | D94: 1 | E94: 1 | F94: 1 | G94: 1 | H94: 1 | I94: 1 | J94: 1 | K94: 1 | L94: 1 | M94: 1 | N94: 1 | O94: 1 | P94: 1 | Q94: 1 | R94: 1 | S94: 1 | T94: 1 | U94: =if(I94+O94>0,1,"") -> 1 | V94: =if(T94>0,1,"") -> 1
A95: 1141110 | B95: ถั่วฝักยาว | C95: 7 | D95: 1 | E95: 1 | F95: 1 | G95: 1 | H95: 1 | I95: 1 | J95: 1 | K95: 1 | L95: 1 | M95: 1 | N95: 1 | O95: 1 | P95: 1 | Q95: 1 | R95: 1 | S95: 1 | T95: 1 | U95: =if(I95+O95>0,1,"") -> 1 | V95: =if(T95>0,1,"") -> 1
A96: 1141111 | B96: บวบ | C96: 7 | D96: 1 | E96: 1 | F96: 1 | G96: 1 | H96: 1 | I96: 1 | J96: 1 | K96: 1 | L96: 1 | M96: 1 | N96: 1 | O96: 1 | P96: 1 | Q96: 1 | R96: 1 | S96: 1 | T96: 1 | U96: =if(I96+O96>0,1,"") -> 1 | V96: =if(T96>0,1,"") -> 1
A97: 1141112 | B97: มะละกอดิบ | C97: 7 | D97: 1 | E97: 1 | F97: 1 | G97: 1 | H97: 1 | I97: 1 | J97: 1 | K97: 1 | L97: 1 | M97: 1 | N97: 1 | O97: 1 | P97: 1 | Q97: 1 | R97: 1 | S97: 1 | T97: 1 | U97: =if(I97+O97>0,1,"") -> 1 | V97: =if(T97>0,1,"") -> 1
... A103: 1141118 | B103: ต้นหอม | C103: 7 | D103: 1 | E103: 1 | F103: 1 | G103: 1 | H103: 1 | I103: 1 | J103: 1 | K103: 1 | L103: 1 | M103: 1 | N103: 1 | O103: 1 | P103: 1 | Q103: 1 | R103: 1 | S103: 1 | T103: 1 | U103: =if(I103+O103>0,1,"") -> 1 | V103: =if(T103>0,1,"") -> 1
A104: 1141119 | B104: ถั่วลันเตา | C104: 7 | D104: 1 | F104: 1 | I104: 1 | U104: =if(I104+O104>0,1,"") -> 1 | V104: =if(T104>0,1,"")
A105: 1141121 | B105: หัวผักกาดขาว | C105: 7 | D105: 1 | E105: 1 | F105: 1 | I105: 1 | J105: 1 | K105: 1 | M105: 1 | N105: 1 | O105: 1 | P105: 1 | R105: 1 | T105: 1 | U105: =if(I105+O105>0,1,"") -> 1 | V105: =if(T105>0,1,"") -> 1
...
